{
    "val_loss": 0.0968759241974452,
    "classification_report": {
        "Abuse": {
            "precision": 1.0,
            "recall": 1.0,
            "f1-score": 1.0,
            "support": 17.0
        },
        "Arrest": {
            "precision": 0.875,
            "recall": 1.0,
            "f1-score": 0.9333333333333333,
            "support": 28.0
        },
        "Arson": {
            "precision": 1.0,
            "recall": 1.0,
            "f1-score": 1.0,
            "support": 17.0
        },
        "Assault": {
            "precision": 0.9285714285714286,
            "recall": 1.0,
            "f1-score": 0.9629629629629629,
            "support": 26.0
        },
        "Burglary": {
            "precision": 1.0,
            "recall": 0.9743589743589743,
            "f1-score": 0.987012987012987,
            "support": 39.0
        },
        "Explosion": {
            "precision": 0.9166666666666666,
            "recall": 1.0,
            "f1-score": 0.9565217391304348,
            "support": 11.0
        },
        "Fighting": {
            "precision": 0.8125,
            "recall": 1.0,
            "f1-score": 0.896551724137931,
            "support": 13.0
        },
        "RoadAccidents": {
            "precision": 1.0,
            "recall": 1.0,
            "f1-score": 1.0,
            "support": 54.0
        },
        "Robbery": {
            "precision": 1.0,
            "recall": 0.8571428571428571,
            "f1-score": 0.9230769230769231,
            "support": 70.0
        },
        "Shooting": {
            "precision": 1.0,
            "recall": 1.0,
            "f1-score": 1.0,
            "support": 11.0
        },
        "Shoplifting": {
            "precision": 1.0,
            "recall": 1.0,
            "f1-score": 1.0,
            "support": 11.0
        },
        "Stealing": {
            "precision": 0.9811320754716981,
            "recall": 1.0,
            "f1-score": 0.9904761904761905,
            "support": 52.0
        },
        "Vandalism": {
            "precision": 0.9333333333333333,
            "recall": 0.9333333333333333,
            "f1-score": 0.9333333333333333,
            "support": 15.0
        },
        "accuracy": 0.967032967032967,
        "macro avg": {
            "precision": 0.9574771926187021,
            "recall": 0.9819103972950127,
            "f1-score": 0.9679437841126227,
            "support": 364.0
        },
        "weighted avg": {
            "precision": 0.9706251604415351,
            "recall": 0.967032967032967,
            "f1-score": 0.9669256454072835,
            "support": 364.0
        }
    },
    "confusion_matrix": [
        [
            17,
            0,
            0,
            0,
            0,
            0,
            0,
            0,
            0,
            0,
            0,
            0,
            0
        ],
        [
            0,
            28,
            0,
            0,
            0,
            0,
            0,
            0,
            0,
            0,
            0,
            0,
            0
        ],
        [
            0,
            0,
            17,
            0,
            0,
            0,
            0,
            0,
            0,
            0,
            0,
            0,
            0
        ],
        [
            0,
            0,
            0,
            26,
            0,
            0,
            0,
            0,
            0,
            0,
            0,
            0,
            0
        ],
        [
            0,
            0,
            0,
            0,
            38,
            0,
            0,
            0,
            0,
            0,
            0,
            0,
            1
        ],
        [
            0,
            0,
            0,
            0,
            0,
            11,
            0,
            0,
            0,
            0,
            0,
            0,
            0
        ],
        [
            0,
            0,
            0,
            0,
            0,
            0,
            13,
            0,
            0,
            0,
            0,
            0,
            0
        ],
        [
            0,
            0,
            0,
            0,
            0,
            0,
            0,
            54,
            0,
            0,
            0,
            0,
            0
        ],
        [
            0,
            3,
            0,
            2,
            0,
            1,
            3,
            0,
            60,
            0,
            0,
            1,
            0
        ],
        [
            0,
            0,
            0,
            0,
            0,
            0,
            0,
            0,
            0,
            11,
            0,
            0,
            0
        ],
        [
            0,
            0,
            0,
            0,
            0,
            0,
            0,
            0,
            0,
            0,
            11,
            0,
            0
        ],
        [
            0,
            0,
            0,
            0,
            0,
            0,
            0,
            0,
            0,
            0,
            0,
            52,
            0
        ],
        [
            0,
            1,
            0,
            0,
            0,
            0,
            0,
            0,
            0,
            0,
            0,
            0,
            14
        ]
    ],
    "classes": [
        "Normal",
        "Abuse",
        "Arrest",
        "Arson",
        "Assault",
        "Burglary",
        "Explosion",
        "Fighting",
        "RoadAccidents",
        "Robbery",
        "Shooting",
        "Shoplifting",
        "Stealing",
        "Vandalism"
    ],
    "unique_labels_used": [
        1,
        2,
        3,
        4,
        5,
        6,
        7,
        8,
        9,
        10,
        11,
        12,
        13
    ]
}